<?xml version="1.0" encoding="UTF-8" ?>
<extension version="2.5" type="plugin" method="upgrade" group="vmpayment">
    <name>Fondy Payment Gateway for Virtuemart</name>
    <creationDate>June 2016</creationDate>
    <author>DM</author>
    <authorUrl>https://fondy.eu</authorUrl>
    <copyright>Copyright (C) 2016 Fondy.eu. All rights reserved.</copyright>
    <license>http://www.gnu.org/licenses/gpl-2.0.html GNU/GPL</license>
    <version status="final">1.0.1</version>
    <description><![CDATA[Fondy - система приема платежей. ]]></description>
	
    <languages>
		<language tag="en-GB">en-GB.plg_vmpayment_fondy.ini</language>
		<language tag="ru-RU">ru-RU.plg_vmpayment_fondy.ini</language>
    </languages>
	
    <files>
		<filename plugin="fondy">fondy.php</filename>
		<filename>index.html</filename>
		<filename>fondy.png</filename>
		<filename>/fondy/Fondy.cls.php</filename>
    </files>
	
	<vmconfig>
		<fields name="params">
			<fieldset name="payment" addfieldpath="/administrator/components/com_virtuemart/fields">
				<field type="vmfiles" name="payment_logos" label="VMPAYMENT_STANDARD_LOGOS" description="VMPAYMENT_STANDARD_LOGOS_DESC" directory="/plugins/vmpayment/fondy" default="fondy.png" hide_default="1" hide_none="1" stripext="0" exclude=".*\.(php|html|xml|wsdl)" />
				<field type="text" name="merchant_id" size="50" label="VMPAYMENT_FONDY_PAYMENT_GATEWAY_FOR_VM_MERCHANT_ID" default="" description="VMPAYMENT_FONDY_PAYMENT_GATEWAY_FOR_VM_MERCHANT_ID_DESC" />
				<field type="text" name="secret_key" size="50" label="VMPAYMENT_FONDY_PAYMENT_GATEWAY_FOR_VM_SECRET_KEY" default="" description="VMPAYMENT_FONDY_PAYMENT_GATEWAY_FOR_VM_SECRET_KEY_DESC" />
				<field type="text" name="currency" size="50" label="VMPAYMENT_FONDY_PAYMENT_GATEWAY_FOR_VM_CURRENCY" default="" description="VMPAYMENT_STANDARD_CURRENCY_DESC" />
				<field type="vmorderstate" name="status_success" scope="com_virtuemart" default="C" label="VMPAYMENT_FONDY_PAYMENT_GATEWAY_FOR_VM_STATUS_SUCCESS" description="VMPAYMENT_FONDY_PAYMENT_GATEWAY_FOR_VM_STATUS_SUCCESS_DESC" />
				<field type="vmorderstate" name="status_canceled" scope="com_virtuemart" default="X" label="VMPAYMENT_FONDY_PAYMENT_GATEWAY_FOR_VM_STATUS_FAILED" description="VMPAYMENT_FONDY_PAYMENT_GATEWAY_FOR_VM_STATUS_FAILED_DESC" />
			</fieldset>
		</fields>
	
		
	</vmconfig>
</extension>
